Date,Portal Received Time,Ignition Status,Ride Mode,Speed (km/h),Odometer (km),GPS Location,Battery Soc(%),Battery Current(A),SOH,Battery Pack Voltage,Charge Cycle,Vehicle Status,Cumulative Power,Min Cell Id,Max Cell Id,Min Cell Temp,Max Cell Temp,Temperature,Motor Temperature,MCU Board Temp
2025-09-01 00:41:57,2025-09-01 00:42:00,Off,0,0,253,13.079313149999999-80.19951984999999,69,0,100,53.252,2,Stop,5525,1,7,30,30,30,-,-
2025-09-01 00:50:00,2025-09-01 00:50:04,Off,0,0,253,13.078517666666668-80.1991862,69,0,100,53.252,2,Stop,5524,1,6,30,30,30,-,-
2025-09-01 01:50:50,2025-09-01 01:50:53,Off,0,0,253,13.078489183333334-80.19917806666668,69,0,100,53.253,2,Stop,5524,1,9,29,30,29,-,-
2025-09-01 02:51:37,2025-09-01 02:51:42,Off,0,0,253,13.078324383333332-80.19890136666666,69,0,100,53.25,2,Stop,5523,1,13,29,30,29,-,-
2025-09-01 03:52:27,2025-09-01 03:52:31,Off,0,0,253,13.0785787-80.19921875,69,0,100,53.252,2,Stop,5522,1,6,29,29,29,-,-
2025-09-01 04:53:15,2025-09-01 04:53:18,Off,0,0,253,13.078645833333333-80.19923503333332,69,0,100,53.251,2,Stop,5522,1,10,28,29,28,-,-
2025-09-01 05:54:04,2025-09-01 05:54:08,Off,0,0,253,13.078621416666666-80.19910481666668,69,0,100,53.25,2,Stop,5521,1,13,28,29,28,-,-
2025-09-01 06:54:54,2025-09-01 06:54:57,Off,0,0,253,13.078714999999999-80.19920246666668,69,0,100,53.25,2,Stop,5520,1,13,28,28,28,-,-
2025-09-01 07:03:00,2025-09-01 07:03:04,Off,0,0,253,13.078580733333334-80.19903158333334,69,0,100,53.25,2,Stop,5520,1,13,28,28,28,-,-
2025-09-01 08:03:50,2025-09-01 08:03:54,Off,0,0,253,13.079020183333334-80.19933268333332,69,0,100,53.25,2,Stop,5519,1,13,28,28,28,-,-
2025-09-01 08:48:20,2025-09-01 08:48:24,On,2,0,253,13.078576666666667-80.19922688333332,69,0,100,53.248,2,Idle,5519,1,1,28,28,28,-,-
2025-09-01 08:49:19,2025-09-01 08:49:22,On,0,0,253,13.078474933333332-80.1991862,69,0,100,53.234,2,Idle,5518,1,13,28,28,28,-,-
2025-09-01 08:50:20,2025-09-01 08:50:23,On,0,0,253,13.078637700000002-80.19911295,69,0,100,53.233,2,Idle,5518,1,13,28,28,28,-,-
2025-09-01 08:51:19,2025-09-01 08:51:23,On,0,0,253,13.078550216666667-80.1990804,69,0,100,53.233,2,Idle,5518,1,13,28,28,28,-,-
2025-09-01 08:52:19,2025-09-01 08:52:24,On,0,0,253,13.078495283333332-80.1990804,69,0,100,53.232,2,Idle,5518,1,1,28,28,28,-,-
2025-09-01 08:53:19,2025-09-01 08:53:23,On,0,0,253,13.078381349999999-80.19915365,69,0,100,53.232,2,Idle,5518,1,1,28,28,28,-,-
2025-09-01 08:54:19,2025-09-01 08:54:22,On,0,0,253,13.078417966666667-80.19904785,69,0,100,53.232,2,Idle,5518,1,1,28,28,28,-,-
2025-09-01 08:55:19,2025-09-01 08:55:22,On,0,0,253,13.078535966666667-80.19913736666668,69,0,100,53.229,2,Idle,5517,1,2,28,28,28,-,-
2025-09-01 08:56:18,2025-09-01 08:56:22,On,0,0,253,13.078564449999998-80.19917806666668,69,0,100,53.225,2,Idle,5517,1,6,28,28,28,-,-
2025-09-01 08:57:18,2025-09-01 08:57:22,On,0,0,253,13.078560383333334-80.1991455,69,0,100,53.219,2,Idle,5517,1,10,28,28,28,-,-
2025-09-01 08:58:18,2025-09-01 08:58:23,On,0,0,253,13.078554283333336-80.19916991666668,69,0,100,53.22,2,Idle,5517,1,6,28,28,28,-,-
2025-09-01 08:59:18,2025-09-01 08:59:21,On,0,0,253,13.078470866666665-80.1991455,69,0,100,53.219,2,Idle,5517,1,10,28,28,28,-,-
2025-09-01 09:00:18,2025-09-01 09:00:21,On,0,0,253,13.078523766666668-80.19913736666668,69,0,100,53.219,2,Idle,5517,1,10,28,28,28,-,-
2025-09-01 09:01:17,2025-09-01 09:01:21,On,0,0,253,13.078566483333335-80.19919433333332,69,0,100,53.219,2,Idle,5517,1,10,28,28,28,-,-
2025-09-01 09:02:16,2025-09-01 09:02:20,Off,0,0,253,13.078560383333334-80.19921061666668,69,10,100,53.364,2,Charging,5524,1,10,28,28,28,-,-
2025-09-01 09:03:16,2025-09-01 09:03:20,Off,0,0,253,13.078535966666667-80.19921875,69,10,100,53.419,2,Charging,5533,3,1,28,28,28,-,-
2025-09-01 09:04:17,2025-09-01 09:04:20,Off,0,0,253,13.078527833333332-80.1991862,69,10,100,53.458,2,Charging,5542,1,11,28,28,28,-,-
2025-09-01 09:05:17,2025-09-01 09:05:20,Off,0,0,253,13.0785319-80.19917806666668,69,10,100,53.49,2,Charging,5551,1,11,28,28,28,-,-
2025-09-01 09:06:16,2025-09-01 09:06:20,Off,0,0,253,13.07854615-80.19916991666668,69,10,100,53.517,2,Charging,5560,6,16,28,28,28,-,-
2025-09-01 09:07:16,2025-09-01 09:07:20,Off,0,0,253,13.07854615-80.19916178333332,69,28,100,53.742,2,Charging,5577,6,11,28,28,28,-,-
2025-09-01 09:08:16,2025-09-01 09:08:20,Off,0,0,253,13.0785319-80.1991862,70,37,100,53.927,2,Charging,5609,6,11,28,28,28,-,-
2025-09-01 09:09:16,2025-09-01 09:09:19,Off,0,0,253,13.07854615-80.19915365,70,37,100,53.975,2,Charging,5643,6,11,28,28,28,-,-
2025-09-01 09:10:16,2025-09-01 09:10:19,Off,0,0,253,13.078548183333332-80.19917806666668,70,37,100,53.991,2,Charging,5676,6,11,28,28,28,-,-
2025-09-01 09:11:15,2025-09-01 09:11:20,Off,0,0,253,13.078535966666667-80.19924316666668,71,37,100,53.996,2,Charging,5710,6,11,28,28,28,-,-
2025-09-01 09:12:15,2025-09-01 09:12:20,Off,0,0,253,13.0785197-80.19926758333332,71,37,100,53.997,2,Charging,5744,6,11,28,28,28,-,-
2025-09-01 09:13:15,2025-09-01 09:13:19,Off,0,0,253,13.078550216666667-80.1992513,71,37,100,53.995,2,Charging,5777,6,11,28,28,28,-,-
2025-09-01 09:14:15,2025-09-01 09:14:18,Off,0,0,253,13.078548183333332-80.19925943333332,71,37,100,53.991,2,Charging,5811,6,11,28,28,28,-,-
2025-09-01 09:15:15,2025-09-01 09:15:18,Off,0,0,253,13.078554283333336-80.19924316666668,72,37,100,53.991,2,Charging,5844,6,11,28,28,28,-,-
2025-09-01 09:16:14,2025-09-01 09:16:18,Off,0,0,253,13.078542066666667-80.19926758333332,72,37,100,53.988,2,Charging,5877,6,11,28,28,28,-,-
2025-09-01 09:17:14,2025-09-01 09:17:20,Off,0,0,253,13.078521733333332-80.19932455,72,37,100,53.987,2,Charging,5911,6,11,28,29,28,-,-
2025-09-01 09:18:14,2025-09-01 09:18:19,Off,0,0,253,13.07849935-80.19930013333332,73,37,100,53.986,2,Charging,5944,5,11,28,29,28,-,-
2025-09-01 09:19:14,2025-09-01 09:19:17,Off,0,0,253,13.078535966666667-80.199292,73,37,100,53.985,2,Charging,5977,5,11,28,29,28,-,-
2025-09-01 09:20:14,2025-09-01 09:20:17,Off,0,0,253,13.078513583333331-80.19926758333332,73,36,100,53.983,2,Charging,6010,1,11,28,29,28,-,-
2025-09-01 09:21:13,2025-09-01 09:21:17,Off,0,0,253,13.0785197-80.19917806666668,74,36,100,53.981,2,Charging,6043,1,11,28,29,28,-,-
2025-09-01 09:22:13,2025-09-01 09:22:17,Off,0,0,253,13.07848715-80.19923503333332,74,36,100,53.981,2,Charging,6076,1,11,28,29,28,-,-
2025-09-01 09:23:13,2025-09-01 09:23:17,Off,0,0,253,13.078444416666665-80.19926758333332,74,36,100,53.981,2,Charging,6109,1,11,28,29,28,-,-
2025-09-01 09:24:13,2025-09-01 09:24:17,Off,0,0,253,13.078497316666668-80.19923503333332,75,36,100,53.981,2,Charging,6142,1,11,28,29,28,-,-
2025-09-01 09:25:12,2025-09-01 09:25:17,Off,0,0,253,13.078517666666668-80.19926758333332,75,36,100,53.979,2,Charging,6175,1,11,28,29,28,-,-
2025-09-01 09:26:12,2025-09-01 09:26:16,Off,0,0,253,13.078430183333333-80.19917806666668,75,36,100,53.979,2,Charging,6208,1,11,28,29,28,-,-
2025-09-01 09:27:12,2025-09-01 09:27:16,Off,0,0,253,13.078442383333334-80.19913736666668,75,36,100,53.98,2,Charging,6241,1,11,28,29,28,-,-
2025-09-01 09:28:12,2025-09-01 09:28:15,Off,0,0,253,13.078515633333332-80.19919433333332,76,36,100,53.979,2,Charging,6274,1,11,28,29,28,-,-
2025-09-01 09:29:12,2025-09-01 09:29:16,Off,0,0,253,13.078517666666668-80.19922688333332,76,36,100,53.98,2,Charging,6307,1,11,28,29,28,-,-
2025-09-01 09:30:11,2025-09-01 09:30:16,Off,0,0,253,13.078503416666669-80.1992513,76,36,100,53.983,2,Charging,6340,1,11,28,29,28,-,-
2025-09-01 09:31:11,2025-09-01 09:31:15,Off,0,0,253,13.078476966666665-80.19924316666668,77,36,100,53.981,2,Charging,6373,1,11,28,29,29,-,-
2025-09-01 09:32:11,2025-09-01 09:32:15,Off,0,0,253,13.078470866666665-80.19926758333332,77,36,100,53.986,2,Charging,6406,1,10,29,29,29,-,-
2025-09-01 09:33:11,2025-09-01 09:33:15,Off,0,0,253,13.078446450000001-80.19921875,77,36,100,53.986,2,Charging,6439,1,10,29,29,29,-,-
2025-09-01 09:34:11,2025-09-01 09:34:15,Off,0,0,253,13.078442383333334-80.19922688333332,78,36,100,53.986,2,Charging,6472,1,10,29,29,29,-,-
2025-09-01 09:35:10,2025-09-01 09:35:15,Off,0,0,253,13.078399649999998-80.19921061666668,78,36,100,53.987,2,Charging,6505,1,11,29,29,29,-,-
2025-09-01 09:36:10,2025-09-01 09:36:14,Off,0,0,253,13.07834065-80.19917806666668,78,36,100,53.989,2,Charging,6537,6,11,29,29,29,-,-
2025-09-01 09:37:10,2025-09-01 09:37:14,Off,0,0,253,13.07838745-80.19917806666668,79,36,100,53.989,2,Charging,6570,6,11,29,29,29,-,-
2025-09-01 09:38:10,2025-09-01 09:38:13,Off,0,0,253,13.078415933333334-80.19916178333332,79,36,100,53.99,2,Charging,6603,6,11,29,29,29,-,-
2025-09-01 09:39:10,2025-09-01 09:39:15,Off,0,0,253,13.078446450000001-80.19916991666668,79,36,100,53.992,2,Charging,6636,1,11,29,29,29,-,-
2025-09-01 09:40:09,2025-09-01 09:40:14,Off,0,0,253,13.078426100000001-80.19919433333332,79,36,100,53.995,2,Charging,6669,1,11,29,29,29,-,-
2025-09-01 09:41:09,2025-09-01 09:41:14,Off,0,0,253,13.078424066666665-80.1991862,80,36,100,53.999,2,Charging,6701,1,11,29,29,29,-,-
2025-09-01 09:42:09,2025-09-01 09:42:13,Off,0,0,253,13.078438316666666-80.19919433333332,80,36,100,54.001,2,Charging,6734,1,10,29,29,29,-,-
2025-09-01 09:43:09,2025-09-01 09:43:12,Off,0,0,253,13.078426100000001-80.19916178333332,80,36,100,54.003,2,Charging,6767,1,10,29,29,29,-,-
2025-09-01 09:44:09,2025-09-01 09:44:13,Off,0,0,253,13.078448483333334-80.19916991666668,81,36,100,54.004,2,Charging,6800,6,10,29,30,29,-,-
2025-09-01 09:45:08,2025-09-01 09:45:13,Off,0,0,253,13.078436283333334-80.1991211,81,36,100,54.006,2,Charging,6833,1,11,29,30,29,-,-
2025-09-01 09:46:08,2025-09-01 09:46:12,Off,0,0,253,13.078462733333334-80.19911295,81,36,100,54.008,2,Charging,6865,1,11,29,30,29,-,-
2025-09-01 09:47:08,2025-09-01 09:47:12,Off,0,0,253,13.07849935-80.19915365,82,36,100,54.011,2,Charging,6898,1,11,29,30,29,-,-
2025-09-01 09:48:08,2025-09-01 09:48:12,Off,0,0,253,13.078515633333332-80.19919433333332,82,36,100,54.016,2,Charging,6931,1,10,29,30,29,-,-
2025-09-01 09:49:08,2025-09-01 09:49:12,Off,0,0,253,13.078517666666668-80.1991862,82,36,100,54.018,2,Charging,6964,1,10,29,30,29,-,-
2025-09-01 09:50:08,2025-09-01 09:50:11,Off,0,0,253,13.078513583333331-80.19916178333332,83,36,100,54.02,2,Charging,6996,1,11,29,30,29,-,-
2025-09-01 09:51:07,2025-09-01 09:51:11,Off,0,0,253,13.0785258-80.19917806666668,83,36,100,54.022,2,Charging,7029,1,11,29,30,29,-,-
2025-09-01 09:52:07,2025-09-01 09:52:14,Off,0,0,253,13.078544099999998-80.19920246666668,83,36,100,54.023,2,Charging,7062,1,11,29,30,29,-,-
2025-09-01 09:53:07,2025-09-01 09:53:11,Off,0,0,253,13.078538-80.19916178333332,83,36,100,54.029,2,Charging,7095,1,10,29,30,29,-,-
2025-09-01 09:54:07,2025-09-01 09:54:10,Off,0,0,253,13.078527833333332-80.19916178333332,84,36,100,54.032,2,Charging,7127,1,10,29,30,29,-,-
2025-09-01 09:55:06,2025-09-01 09:55:10,Off,0,0,253,13.078517666666668-80.19915365,84,36,100,54.035,2,Charging,7160,1,10,29,30,29,-,-
2025-09-01 09:56:06,2025-09-01 09:56:11,Off,0,0,253,13.078507483333333-80.19915365,84,36,100,54.038,2,Charging,7193,6,11,29,30,29,-,-
2025-09-01 09:57:06,2025-09-01 09:57:11,Off,0,0,253,13.078554283333336-80.19915365,85,36,100,54.04,2,Charging,7226,1,11,29,30,30,-,-
2025-09-01 09:58:06,2025-09-01 09:58:09,Off,0,0,253,13.078554283333336-80.19913736666668,85,36,100,54.047,2,Charging,7259,1,11,29,30,30,-,-
2025-09-01 09:59:06,2025-09-01 09:59:09,Off,0,0,253,13.078572583333335-80.19917806666668,85,36,100,54.05,2,Charging,7291,1,10,29,30,30,-,-
2025-09-01 10:00:05,2025-09-01 10:00:09,Off,0,0,253,13.078580733333334-80.19917806666668,86,36,100,54.053,2,Charging,7324,6,11,29,30,30,-,-
2025-09-01 10:01:05,2025-09-01 10:01:09,Off,0,0,253,13.078572583333335-80.19920246666668,86,36,100,54.057,2,Charging,7357,1,11,29,30,30,-,-
2025-09-01 10:02:05,2025-09-01 10:02:08,Off,0,0,253,13.078535966666667-80.19919433333332,86,36,100,54.061,2,Charging,7390,1,11,29,30,30,-,-
2025-09-01 10:03:05,2025-09-01 10:03:08,Off,0,0,253,13.078542066666667-80.19919433333332,87,36,100,54.065,2,Charging,7422,1,10,29,30,30,-,-
2025-09-01 10:04:04,2025-09-01 10:04:11,Off,0,0,253,13.078540033333335-80.19919433333332,87,36,100,54.068,2,Charging,7455,6,11,30,30,30,-,-
2025-09-01 10:05:04,2025-09-01 10:05:08,Off,0,0,253,13.078554283333336-80.19920246666668,87,36,100,54.073,2,Charging,7488,1,11,30,30,30,-,-
2025-09-01 10:06:04,2025-09-01 10:06:08,Off,0,0,253,13.078580733333334-80.19921061666668,87,36,100,54.076,2,Charging,7521,1,11,30,30,30,-,-
2025-09-01 10:07:03,2025-09-01 10:07:08,Off,0,0,253,13.078590899999998-80.19921875,88,36,100,54.081,2,Charging,7553,1,10,30,30,30,-,-
2025-09-01 10:08:04,2025-09-01 10:08:07,Off,0,0,253,13.078548183333332-80.1991862,88,36,100,54.085,2,Charging,7586,6,11,30,30,30,-,-
2025-09-01 10:09:03,2025-09-01 10:09:11,Off,0,0,253,13.078501383333332-80.1991862,88,36,100,54.089,2,Charging,7619,1,11,30,30,30,-,-
2025-09-01 10:10:03,2025-09-01 10:10:08,Off,0,0,253,13.078538-80.1991862,89,36,100,54.097,2,Charging,7652,1,10,30,31,30,-,-
2025-09-01 10:11:03,2025-09-01 10:11:06,Off,0,0,253,13.078574633333336-80.19917806666668,89,36,100,54.102,2,Charging,7685,6,11,30,31,30,-,-
2025-09-01 10:12:03,2025-09-01 10:12:06,Off,0,0,253,13.078550216666667-80.19916178333332,89,36,100,54.108,2,Charging,7717,1,11,30,31,30,-,-
2025-09-01 10:13:02,2025-09-01 10:13:06,Off,0,0,253,13.078458666666666-80.1991455,90,36,100,54.114,2,Charging,7750,6,11,30,31,30,-,-
2025-09-01 10:14:02,2025-09-01 10:14:06,Off,0,0,253,13.078448483333334-80.19915365,90,36,100,54.118,2,Charging,7783,6,11,30,31,30,-,-
2025-09-01 10:15:01,2025-09-01 10:15:06,On,2,0,253,13.07850545-80.1992513,90,0,100,53.69,2,Idle,7789,3,1,30,31,30,-,-
2025-09-01 10:16:02,2025-09-01 10:16:05,On,2,0,253,13.078515633333332-80.19926758333332,90,0,100,53.6,2,Idle,7789,1,1,30,31,30,-,-
2025-09-01 10:17:02,2025-09-01 10:17:06,On,2,0,253,13.0785258-80.1991862,90,0,100,53.552,2,Idle,7789,1,1,30,31,30,-,-
2025-09-01 10:18:01,2025-09-01 10:18:05,On,0,0,253,13.078495283333332-80.19919433333332,90,0,100,53.524,2,Idle,7789,1,7,30,31,30,-,-
2025-09-01 10:19:01,2025-09-01 10:19:05,On,0,0,253,13.078560383333334-80.19921061666668,90,0,100,53.504,2,Idle,7788,1,1,30,31,30,-,-
2025-09-01 10:20:01,2025-09-01 10:20:04,On,0,0,253,13.078568516666667-80.19920246666668,90,0,100,53.488,2,Idle,7788,1,1,30,31,30,-,-
2025-09-01 10:21:01,2025-09-01 10:21:04,On,0,0,253,13.078580733333334-80.19921875,90,0,100,53.473,2,Idle,7788,1,13,30,31,30,-,-
2025-09-01 10:22:00,2025-09-01 10:22:04,On,0,0,253,13.078535966666667-80.19916991666668,90,0,100,53.462,2,Idle,7788,1,6,30,31,30,-,-
2025-09-01 10:23:00,2025-09-01 10:23:04,On,0,0,253,13.078523766666668-80.19915365,90,0,100,53.456,2,Idle,7788,1,1,30,31,30,-,-
2025-09-01 10:24:00,2025-09-01 10:24:04,On,0,0,253,13.07850545-80.19916178333332,90,0,100,53.443,2,Idle,7788,1,10,30,31,30,-,-
2025-09-01 10:25:00,2025-09-01 10:25:03,On,0,0,253,13.078513583333331-80.19917806666668,90,0,100,53.44,2,Idle,7788,1,1,30,31,30,-,-
2025-09-01 10:25:59,2025-09-01 10:26:04,On,0,0,253,13.078489183333334-80.19913736666668,90,0,100,53.434,2,Idle,7788,1,3,30,31,30,-,-
2025-09-01 10:26:59,2025-09-01 10:27:03,On,0,0,253,13.07849935-80.1991211,90,0,100,53.427,2,Idle,7788,1,10,30,31,30,-,-
2025-09-01 10:27:59,2025-09-01 10:28:03,On,0,0,253,13.078497316666668-80.19912923333332,90,0,100,53.424,2,Idle,7788,1,1,30,31,30,-,-
2025-09-01 10:28:59,2025-09-01 10:29:03,Off,0,0,253,13.078501383333332-80.19915365,90,0,100,53.423,2,Stop,7788,12,1,30,31,30,-,-
2025-09-01 10:30:02,2025-09-01 10:30:06,On,2,0,253,13.078544099999998-80.1991862,90,87,100,53.392,2,Idle,7785,1,1,30,31,30,-,-
2025-09-01 10:31:02,2025-09-01 10:31:05,On,0,0,253,13.078535966666667-80.1991862,90,1,100,53.392,2,Idle,7784,1,1,30,31,30,-,-
2025-09-01 10:32:02,2025-09-01 10:32:05,On,0,0,253,13.078625483333333-80.19927571666668,90,1,100,53.392,2,Idle,7783,1,1,30,31,30,-,-
2025-09-01 10:33:00,2025-09-01 10:33:05,Off,0,0,253,13.078617350000002-80.19925943333332,90,0,100,53.394,2,Stop,7782,1,10,30,31,30,-,-
2025-09-01 10:34:00,2025-09-01 10:34:03,On,2,26,254,13.07716675-80.19908853333332,90,8,100,53.163,2,Moving,7769,3,6,30,31,30,-,-
2025-09-01 10:35:01,2025-09-01 10:36:06,On,2,37,254,13.076489250000002-80.20107421666667,90,1,100,53.157,2,Moving,7746,1,6,30,31,30,-,-
2025-09-01 10:36:01,2025-09-01 10:36:04,On,2,13,254,13.076605216666668-80.20368651666666,89,34,100,52.859,2,Moving,7726,11,1,30,31,30,-,-
2025-09-01 10:36:59,2025-09-01 10:37:04,On,2,27,255,13.077233883333333-80.20773925,89,1,100,53.034,2,Moving,7696,1,5,30,31,30,-,-
2025-09-01 10:38:00,2025-09-01 10:38:05,On,2,5,255,13.077256266666666-80.21048991666666,89,2,100,53.096,2,Moving,7679,11,7,30,31,30,-,-
2025-09-01 10:39:00,2025-09-01 10:39:03,On,2,37,255,13.075937900000001-80.21358235,89,57,100,52.686,2,Moving,7655,11,1,30,31,30,-,-
2025-09-01 10:40:00,2025-09-01 10:40:03,On,2,8,256,13.075343833333333-80.2154541,89,58,100,53.126,2,Moving,7642,1,6,30,31,30,-,-
2025-09-01 10:41:00,2025-09-01 10:41:04,On,2,31,256,13.074900316666666-80.21900228333334,88,75,100,53.102,2,Moving,7622,2,1,30,31,30,-,-
2025-09-01 10:41:59,2025-09-01 10:42:03,On,2,9,256,13.072287999999999-80.22159830000001,88,2,100,53.046,2,Moving,7585,16,9,30,31,30,-,-
2025-09-01 10:42:59,2025-09-01 10:43:02,On,2,10,257,13.071732583333334-80.22230631666666,88,1,100,53.129,2,Moving,7580,1,5,30,31,30,-,-
2025-09-01 10:43:59,2025-09-01 10:44:02,On,2,15,257,13.070983883333334-80.22319336666666,88,2,100,52.906,2,Moving,7567,7,5,30,31,30,-,-
2025-09-01 10:44:59,2025-09-01 10:45:04,On,2,19,257,13.068164066666668-80.22653808333332,87,1,100,52.95,2,Moving,7529,1,6,30,31,30,-,-
2025-09-01 10:45:59,2025-09-01 10:46:07,On,2,24,258,13.066746016666665-80.23000488333334,87,25,100,53.024,2,Moving,7504,1,5,30,31,31,-,-
2025-09-01 10:46:58,2025-09-01 10:47:02,On,2,26,258,13.066304516666666-80.23213704999999,87,6,100,52.962,2,Moving,7488,11,3,30,31,31,-,-
2025-09-01 10:47:58,2025-09-01 10:48:02,On,2,28,258,13.064554850000002-80.23490396666666,87,77,100,52.881,2,Moving,7463,11,13,30,31,31,-,-
2025-09-01 10:48:58,2025-09-01 10:49:02,On,2,14,258,13.064211016666665-80.23625488333333,87,1,100,53.039,2,Moving,7448,16,1,30,31,31,-,-
2025-09-01 10:49:58,2025-09-01 10:50:01,On,2,4,259,13.062180583333335-80.23640950000001,86,29,100,53.06,2,Moving,7426,1,9,30,31,31,-,-
2025-09-01 10:50:58,2025-09-01 10:51:01,On,2,5,259,13.061006666666666-80.2375,86,2,100,53.07,2,Moving,7412,5,1,30,31,31,-,-
2025-09-01 10:51:57,2025-09-01 10:52:00,On,2,16,259,13.058052566666667-80.2373291,86,83,100,53.05,2,Moving,7390,1,3,30,31,31,-,-
2025-09-01 10:52:57,2025-09-01 10:53:01,On,2,16,260,13.056783033333334-80.23487141666666,86,6,100,53.024,2,Moving,7362,1,1,30,31,31,-,-
2025-09-01 10:53:56,2025-09-01 10:54:00,On,2,26,260,13.053820800000002-80.23463541666666,86,77,100,52.907,2,Moving,7332,1,6,30,31,31,-,-
2025-09-01 10:54:56,2025-09-01 10:55:09,On,2,34,260,13.049648033333336-80.23365885,85,23,100,52.827,2,Moving,7312,7,4,30,31,31,-,-
2025-09-01 10:55:56,2025-09-01 10:56:01,On,2,28,261,13.046551516666666-80.23300781666667,85,24,100,52.568,2,Moving,7283,11,1,30,31,31,-,-
2025-09-01 10:56:56,2025-09-01 10:57:03,On,2,18,261,13.043794766666668-80.23247883333333,85,1,100,52.968,2,Moving,7259,1,3,30,31,31,-,-
2025-09-01 10:57:56,2025-09-01 10:57:59,On,2,22,261,13.042020666666668-80.23326823333333,85,76,100,52.58,2,Moving,7234,11,1,30,31,31,-,-
2025-09-01 10:58:55,2025-09-01 10:59:00,On,2,23,262,13.040879316666667-80.23603514999999,84,1,100,52.913,2,Moving,7208,16,13,30,31,31,-,-
2025-09-01 10:59:55,2025-09-01 11:00:00,On,2,24,262,13.039829516666668-80.23986816666667,84,77,100,52.565,2,Moving,7178,11,1,30,31,31,-,-
2025-09-01 11:00:55,2025-09-01 11:00:58,On,2,19,263,13.035697433333333-80.23938801666667,84,1,100,52.889,2,Moving,7144,2,6,30,32,31,-,-
2025-09-01 11:01:55,2025-09-01 11:01:59,On,2,0,263,13.034950766666668-80.23847656666666,84,1,100,53.057,2,Idle,7132,1,13,31,32,31,-,-
2025-09-01 11:02:54,2025-09-01 11:02:58,On,2,11,263,13.0345581-80.23793131666666,84,2,100,52.884,2,Moving,7126,10,6,30,32,31,-,-
2025-09-01 11:03:54,2025-09-01 11:04:02,On,2,31,263,13.03254395-80.23701171666667,83,70,100,53.023,2,Moving,7103,5,1,31,32,31,-,-
2025-09-01 11:04:54,2025-09-01 11:04:59,On,2,12,264,13.030385333333333-80.2376302,83,12,100,52.767,2,Moving,7080,11,1,31,32,31,-,-
2025-09-01 11:05:54,2025-09-01 11:06:01,On,2,13,264,13.031178800000001-80.23976236666667,83,1,100,52.979,2,Moving,7054,1,10,31,32,31,-,-
2025-09-01 11:06:53,2025-09-01 11:06:57,On,2,17,264,13.032893883333335-80.24335123333334,83,1,100,52.973,2,Moving,7022,6,9,31,32,31,-,-
2025-09-01 11:07:53,2025-09-01 11:07:58,On,2,5,264,13.033821616666668-80.24447428333333,82,9,100,53.036,2,Moving,7009,5,1,31,32,31,-,-
2025-09-01 11:08:53,2025-09-01 11:08:58,On,2,18,265,13.034698483333333-80.24562175,82,80,100,53.026,2,Moving,6993,1,13,31,32,31,-,-
2025-09-01 11:09:53,2025-09-01 11:09:59,On,2,18,265,13.031917316666666-80.24584146666666,82,1,100,52.995,2,Moving,6969,1,9,31,32,31,-,-
2025-09-01 11:10:53,2025-09-01 11:10:58,On,2,36,265,13.027496333333334-80.24492186666666,82,29,100,53.163,2,Moving,6939,1,11,31,32,31,-,-
2025-09-01 11:11:52,2025-09-01 11:11:56,On,2,33,266,13.024051916666668-80.24309896666666,82,56,100,52.779,2,Moving,6915,10,1,31,32,31,-,-
2025-09-01 11:12:52,2025-09-01 11:12:57,On,2,41,266,13.019390866666667-80.24152018333332,81,72,100,52.523,2,Moving,6878,11,1,31,32,31,-,-
2025-09-01 11:13:52,2025-09-01 11:13:55,On,2,6,267,13.017978916666667-80.24134115,81,107,100,52.981,2,Moving,6862,5,1,31,32,31,-,-
2025-09-01 11:14:52,2025-09-01 11:14:55,On,2,26,267,13.018691-80.24123535,81,77,100,52.619,2,Moving,6852,11,1,31,32,31,-,-
2025-09-01 11:15:51,2025-09-01 11:15:55,On,2,1,267,13.019783533333335-80.24156086666667,81,2,100,53.07,2,Moving,6839,5,1,31,32,31,-,-
2025-09-01 11:16:50,2025-09-01 11:16:54,Off,0,0,267,13.020060216666666-80.24152831666667,81,0,100,53.12,2,Stop,6835,1,1,31,32,31,-,-
2025-09-01 11:49:46,2025-09-01 11:49:49,Off,2,0,267,13.02006225-80.24161783333334,81,0,100,53.278,2,Stop,6834,5,1,31,32,32,-,-
2025-09-01 11:50:48,2025-09-01 11:50:52,On,2,35,267,13.022336833333334-80.24239095,81,0,100,53.011,2,Moving,6816,11,1,31,32,32,-,-
2025-09-01 11:51:46,2025-09-01 11:51:50,On,2,43,268,13.0263326-80.24379883333333,80,68,100,52.847,2,Moving,6778,2,3,31,32,32,-,-
2025-09-01 11:52:47,2025-09-01 11:52:52,On,2,19,268,13.029345699999999-80.24552408333334,80,1,100,53.007,2,Moving,6760,5,1,31,32,32,-,-
2025-09-01 11:53:47,2025-09-01 11:53:50,On,2,30,269,13.030098466666667-80.24208985,80,2,100,52.956,2,Moving,6732,1,2,31,32,32,-,-
2025-09-01 11:54:47,2025-09-01 11:55:51,On,2,34,269,13.032173666666665-80.2423177,79,0,100,52.521,2,Moving,6696,11,1,31,32,32,-,-
2025-09-01 11:55:46,2025-09-01 11:55:50,On,2,12,269,13.033970133333332-80.24465331666667,79,2,100,52.593,2,Moving,6679,7,6,31,32,32,-,-
2025-09-01 11:56:45,2025-09-01 11:56:48,On,2,16,270,13.035587566666667-80.24601236666668,79,22,100,52.693,2,Moving,6659,7,6,31,32,32,-,-
2025-09-01 11:57:46,2025-09-01 11:57:51,On,2,6,270,13.038096116666669-80.2465739,79,2,100,52.83,2,Moving,6639,10,1,32,32,32,-,-
2025-09-01 11:58:46,2025-09-01 11:58:55,On,2,24,270,13.039530433333335-80.2454427,79,72,100,53.248,2,Moving,6622,1,11,32,32,32,-,-
2025-09-01 11:59:46,2025-09-01 11:59:49,On,2,18,271,13.041634116666668-80.24426270000001,79,2,100,52.906,2,Moving,6596,2,6,32,32,32,-,-
2025-09-01 12:00:45,2025-09-01 12:00:49,On,2,29,271,13.044388833333334-80.24478353333333,78,1,100,52.926,2,Moving,6574,5,1,32,32,32,-,-
2025-09-01 12:01:45,2025-09-01 12:01:49,On,2,23,271,13.04685465-80.24519856666667,78,2,100,52.495,2,Moving,6547,11,1,32,32,32,-,-
2025-09-01 12:02:45,2025-09-01 12:02:54,On,2,0,271,13.047729499999999-80.2452474,78,1,100,53.031,2,Idle,6545,2,1,32,32,32,-,-
2025-09-01 12:03:44,2025-09-01 12:03:47,Off,0,0,271,13.048527016666666-80.2456136,78,0,100,53.061,2,Stop,6539,2,1,32,32,32,-,-
2025-09-01 12:12:35,2025-09-01 12:12:40,On,2,28,272,13.050315350000002-80.24543456666667,78,38,100,52.896,2,Moving,6522,2,1,32,32,32,-,-
2025-09-01 12:13:34,2025-09-01 12:13:38,On,2,18,272,13.051747633333331-80.24324544999999,78,1,100,52.505,2,Moving,6489,11,1,32,32,32,-,-
2025-09-01 12:14:34,2025-09-01 12:14:42,On,2,19,272,13.052919516666668-80.24188640000001,77,2,100,52.946,2,Moving,6466,5,9,32,33,32,-,-
2025-09-01 12:15:34,2025-09-01 12:16:38,On,2,19,273,13.056878666666668-80.2426595,77,75,100,52.862,2,Moving,6429,5,1,32,33,32,-,-
2025-09-01 12:16:34,2025-09-01 12:16:37,On,2,18,273,13.059204099999999-80.2425944,77,2,100,52.919,2,Moving,6414,1,3,32,33,32,-,-
2025-09-01 12:17:33,2025-09-01 12:17:37,On,2,28,273,13.062660733333333-80.24336751666667,76,75,100,52.463,2,Moving,6382,11,1,32,33,32,-,-
2025-09-01 12:18:33,2025-09-01 12:18:38,On,2,1,273,13.063549799999999-80.24359538333333,76,0,100,52.992,2,Moving,6376,1,1,32,33,32,-,-
2025-09-01 12:19:33,2025-09-01 12:19:38,On,2,7,274,13.064249666666667-80.24353026666667,76,2,100,53.008,2,Moving,6369,1,1,32,33,32,-,-
2025-09-01 12:20:33,2025-09-01 12:20:37,On,2,0,274,13.064986166666666-80.24361165,76,1,100,53.012,2,Idle,6360,11,1,32,33,32,-,-
2025-09-01 12:21:33,2025-09-01 12:21:36,On,2,14,274,13.065531416666666-80.24353841666667,76,48,100,53.024,2,Moving,6356,3,1,32,33,32,-,-
2025-09-01 12:22:33,2025-09-01 12:22:37,On,2,24,274,13.069258633333334-80.24217121666668,76,1,100,52.897,2,Moving,6322,16,9,32,33,32,-,-
2025-09-01 12:23:33,2025-09-01 12:23:37,On,2,21,275,13.069234216666667-80.23891601666666,76,11,100,52.491,2,Moving,6296,11,1,32,33,32,-,-
2025-09-01 12:24:33,2025-09-01 12:24:37,On,2,15,275,13.069207766666667-80.23557128333333,75,2,100,52.868,2,Moving,6268,2,1,32,33,32,-,-
2025-09-01 12:25:32,2025-09-01 12:25:37,On,2,5,275,13.070432533333333-80.23223469999999,75,2,100,52.862,2,Moving,6242,5,1,32,33,32,-,-
2025-09-01 12:26:32,2025-09-01 12:26:35,On,2,16,276,13.072597250000001-80.2317627,75,1,100,52.892,2,Moving,6222,2,1,32,33,33,-,-
2025-09-01 12:27:32,2025-09-01 12:27:35,On,2,0,276,13.074694816666666-80.23185221666667,75,1,100,52.958,2,Idle,6205,5,1,32,33,33,-,-
2025-09-01 12:28:32,2025-09-01 12:28:35,On,2,17,276,13.075113933333334-80.23194173333333,75,82,100,52.898,2,Moving,6198,11,1,32,33,33,-,-
2025-09-01 12:29:32,2025-09-01 12:29:36,On,2,37,276,13.0785258-80.23355306666667,74,73,100,52.882,2,Moving,6165,1,10,32,33,33,-,-
2025-09-01 12:30:31,2025-09-01 12:30:37,On,2,24,277,13.081140133333333-80.2334961,74,15,100,52.674,2,Moving,6144,7,4,32,33,33,-,-
2025-09-01 12:31:31,2025-09-01 12:31:34,On,2,34,277,13.082415766666667-80.231722,74,26,100,52.841,2,Moving,6122,2,1,32,33,33,-,-
2025-09-01 12:32:31,2025-09-01 12:32:34,On,2,37,277,13.082991533333333-80.22780761666667,74,71,100,52.396,2,Moving,6084,11,1,32,33,33,-,-
2025-09-01 12:33:31,2025-09-01 12:33:34,On,2,34,278,13.082454433333332-80.22472330000001,73,73,100,52.389,2,Moving,6051,11,1,32,33,33,-,-
2025-09-01 12:34:30,2025-09-01 12:34:33,On,2,16,278,13.082832849999999-80.22045898333334,73,2,100,52.742,2,Moving,6011,12,9,32,33,33,-,-
2025-09-01 12:35:30,2025-09-01 12:35:34,On,2,3,279,13.0832255-80.2183431,73,2,100,52.861,2,Moving,5989,5,1,32,33,33,-,-
2025-09-01 12:36:30,2025-09-01 12:36:33,On,2,0,279,13.083235683333331-80.21819661666667,73,1,100,52.962,2,Idle,5985,1,10,32,33,33,-,-
2025-09-01 12:37:30,2025-09-01 12:37:33,On,2,2,279,13.083048499999999-80.21796875,73,2,100,52.979,2,Moving,5977,1,10,32,34,33,-,-
2025-09-01 12:38:29,2025-09-01 12:38:34,On,2,0,279,13.082922366666667-80.21794433333334,73,1,100,53.028,2,Idle,5975,1,9,32,34,33,-,-
2025-09-01 12:39:29,2025-09-01 12:39:32,On,0,0,279,13.0824585-80.21791178333334,73,1,100,53.029,2,Idle,5967,1,4,32,34,33,-,-
2025-09-01 12:40:30,2025-09-01 12:40:32,On,0,0,279,13.082397466666665-80.2179362,72,1,100,53.066,2,Idle,5965,2,1,32,34,33,-,-
2025-09-01 12:41:29,2025-09-01 12:41:33,On,2,34,279,13.082281499999999-80.21463216666666,72,73,100,52.524,2,Moving,5937,11,6,32,34,33,-,-
2025-09-01 12:42:29,2025-09-01 12:42:32,On,2,26,280,13.082387283333333-80.20996093333333,72,26,100,52.647,2,Moving,5906,11,1,32,34,33,-,-
2025-09-01 12:43:28,2025-09-01 12:43:32,On,2,28,280,13.082523600000002-80.20694173333332,72,2,100,53.055,2,Moving,5881,1,11,32,34,33,-,-
2025-09-01 12:44:28,2025-09-01 12:44:31,On,2,44,281,13.082743333333333-80.20164388333333,71,52,100,52.499,2,Moving,5842,11,1,32,34,33,-,-
2025-09-01 12:45:28,2025-09-01 12:45:31,On,2,17,281,13.082356766666665-80.1985677,71,2,100,52.418,2,Moving,5817,11,1,32,34,33,-,-
2025-09-01 12:46:28,2025-09-01 12:46:31,On,2,12,281,13.078438316666666-80.1990153,71,29,100,52.377,2,Moving,5788,11,1,32,34,33,-,-
2025-09-01 12:47:26,2025-09-01 12:47:29,Off,0,0,281,13.07853393333333-80.19924316666668,71,0,100,52.947,2,Stop,5783,1,8,32,34,33,-,-
2025-09-01 13:48:13,2025-09-01 13:48:17,Off,0,0,281,13.078513583333331-80.19922688333332,71,0,100,53.216,2,Stop,5783,1,1,33,34,34,-,-
2025-09-01 14:49:02,2025-09-01 14:49:07,Off,0,0,281,13.078527833333332-80.19919433333332,71,0,100,53.232,2,Stop,5782,1,1,33,34,34,-,-
2025-09-01 15:12:43,2025-09-01 15:12:48,Off,0,0,281,13.0785258-80.19925943333332,71,10,100,53.365,2,Charging,5793,1,10,33,34,34,-,-
2025-09-01 15:13:42,2025-09-01 15:13:45,Off,0,0,281,13.0784607-80.19925943333332,71,10,100,53.393,2,Charging,5802,1,11,33,34,34,-,-
2025-09-01 15:14:42,2025-09-01 15:14:46,Off,0,0,281,13.07851155-80.19921875,71,10,100,53.415,2,Charging,5811,1,2,33,34,34,-,-
2025-09-01 15:15:42,2025-09-01 15:15:47,Off,0,0,281,13.078517666666668-80.19923503333332,71,10,100,53.435,2,Charging,5820,1,2,33,34,34,-,-
2025-09-01 15:16:42,2025-09-01 15:16:46,Off,0,0,281,13.0785258-80.19922688333332,71,22,100,53.534,2,Charging,5831,1,11,33,34,34,-,-
2025-09-01 15:17:42,2025-09-01 15:17:45,Off,0,0,281,13.078521733333332-80.19920246666668,71,37,100,53.743,2,Charging,5858,1,11,33,34,34,-,-
2025-09-01 15:18:41,2025-09-01 15:18:45,Off,0,0,281,13.0785197-80.19920246666668,72,37,100,53.812,2,Charging,5891,6,11,33,34,34,-,-
2025-09-01 15:19:41,2025-09-01 15:19:46,Off,0,0,281,13.07851155-80.19919433333332,72,37,100,53.843,2,Charging,5925,5,11,34,34,34,-,-
2025-09-01 15:20:41,2025-09-01 15:20:45,Off,0,0,281,13.078517666666668-80.19921061666668,72,37,100,53.859,2,Charging,5959,5,11,34,34,34,-,-
2025-09-01 15:21:41,2025-09-01 15:24:06,Off,0,0,281,13.0785258-80.19921061666668,73,37,100,53.869,2,Charging,5992,1,11,34,34,34,-,-
2025-09-01 15:22:41,2025-09-01 15:24:27,Off,0,0,281,13.0785258-80.19920246666668,73,37,100,53.875,2,Charging,6025,5,11,34,34,34,-,-
2025-09-01 15:23:40,2025-09-01 15:25:29,Off,0,0,281,13.07855225-80.1991862,73,37,100,53.876,2,Charging,6058,5,11,34,34,34,-,-
2025-09-01 15:24:40,2025-09-01 15:26:04,Off,0,0,281,13.078540033333335-80.19916178333332,74,37,100,53.876,2,Charging,6092,5,11,34,34,34,-,-
2025-09-01 15:25:40,2025-09-01 15:26:32,Off,0,0,281,13.078507483333333-80.1991862,74,37,100,53.876,2,Charging,6125,5,11,34,34,34,-,-
2025-09-01 15:26:40,2025-09-01 15:26:59,Off,0,0,281,13.078517666666668-80.1991862,74,37,100,53.876,2,Charging,6158,5,11,34,34,34,-,-
2025-09-01 15:27:39,2025-09-01 15:27:44,Off,0,0,281,13.078517666666668-80.19920246666668,75,36,100,53.876,2,Charging,6191,5,11,34,34,34,-,-
2025-09-01 15:28:39,2025-09-01 15:28:44,Off,0,0,281,13.078540033333335-80.19919433333332,75,36,100,53.876,2,Charging,6224,5,11,34,34,34,-,-
2025-09-01 15:29:40,2025-09-01 15:29:43,Off,0,0,281,13.078554283333336-80.19917806666668,75,36,100,53.876,2,Charging,6257,5,11,34,34,34,-,-
2025-09-01 15:30:39,2025-09-01 15:30:42,Off,0,0,281,13.078556316666667-80.19919433333332,75,36,100,53.876,2,Charging,6290,5,11,34,35,34,-,-
2025-09-01 15:31:39,2025-09-01 15:31:43,Off,0,0,281,13.078554283333336-80.19917806666668,76,36,100,53.879,2,Charging,6323,6,11,34,35,34,-,-
2025-09-01 15:32:38,2025-09-01 15:32:42,Off,0,0,281,13.07853393333333-80.19917806666668,76,36,100,53.882,2,Charging,6356,6,11,34,35,34,-,-
2025-09-01 15:33:38,2025-09-01 15:33:42,Off,0,0,281,13.0785258-80.19921061666668,76,36,100,53.883,2,Charging,6389,1,11,34,35,34,-,-
2025-09-01 15:34:38,2025-09-01 15:34:42,Off,0,0,281,13.078521733333332-80.19926758333332,77,36,100,53.886,2,Charging,6422,1,11,34,35,34,-,-
2025-09-01 15:35:37,2025-09-01 15:35:41,Off,0,0,281,13.078509516666667-80.19923503333332,77,0,100,53.564,2,Stop,6427,5,1,34,35,34,-,-
2025-09-01 16:00:09,2025-09-01 16:00:11,Off,0,0,281,13.078631600000001-80.1992513,77,10,100,53.504,2,Charging,6437,5,11,34,35,34,-,-
2025-09-01 16:01:08,2025-09-01 16:01:12,Off,0,0,281,13.078566483333335-80.19921061666668,77,10,100,53.523,2,Charging,6446,1,8,34,35,34,-,-
2025-09-01 16:02:08,2025-09-01 16:02:12,Off,0,0,281,13.078580733333334-80.19912923333332,77,10,100,53.539,2,Charging,6455,1,8,34,35,34,-,-
2025-09-01 16:03:08,2025-09-01 16:03:14,Off,0,0,281,13.07849935-80.19928385,77,10,100,53.553,2,Charging,6466,5,11,34,35,34,-,-
2025-09-01 16:04:08,2025-09-01 16:04:11,Off,0,0,281,13.07849935-80.19919433333332,77,16,100,53.605,2,Charging,6474,1,11,34,35,34,-,-
2025-09-01 16:05:08,2025-09-01 16:05:19,Off,0,0,281,13.078554283333336-80.19932455,77,37,100,53.814,2,Charging,6499,1,11,34,35,34,-,-
2025-09-01 16:06:07,2025-09-01 16:06:11,Off,0,0,281,13.078590899999998-80.19919433333332,78,37,100,53.891,2,Charging,6533,5,11,34,35,34,-,-
2025-09-01 16:07:07,2025-09-01 16:07:11,Off,0,0,281,13.078540033333335-80.19926758333332,78,0,100,53.678,2,Charging,6565,5,16,34,35,34,-,-
2025-09-01 16:08:06,2025-09-01 16:08:10,Off,0,0,281,13.078517666666668-80.19921061666668,78,0,100,53.581,2,Stop,6565,5,1,34,35,34,-,-
2025-09-01 16:09:12,2025-09-01 16:09:16,On,2,0,281,13.078415933333334-80.19922688333332,78,0,100,53.529,2,Idle,6564,2,1,34,35,34,-,-
2025-09-01 16:10:10,2025-09-01 16:10:14,On,1,0,282,13.078395583333334-80.19922688333332,78,1,100,53.498,2,Idle,6563,5,1,34,35,34,-,-
2025-09-01 16:11:11,2025-09-01 16:11:16,On,0,0,282,13.078468833333334-80.19910481666668,78,0,100,53.476,2,Idle,6560,1,4,34,35,34,-,-
2025-09-01 16:12:10,2025-09-01 16:12:15,On,2,9,282,13.078314216666667-80.19893391666666,78,31,100,53.453,2,Moving,6558,5,1,34,35,34,-,-
2025-09-01 16:13:11,2025-09-01 16:14:15,On,2,31,282,13.074755866666665-80.1994873,78,13,100,53.258,2,Moving,6533,2,1,34,35,34,-,-
2025-09-01 16:14:10,2025-09-01 16:14:14,On,2,22,282,13.073223883333332-80.20122070000001,78,21,100,53.152,2,Moving,6526,11,1,34,35,34,-,-
2025-09-01 16:15:09,2025-09-01 16:15:14,On,2,15,282,13.073962400000001-80.19991048333333,78,1,100,53.183,2,Moving,6513,10,2,34,35,34,-,-
2025-09-01 16:16:10,2025-09-01 16:16:14,On,2,24,283,13.077244066666667-80.1989095,77,68,100,53.176,2,Moving,6493,1,6,34,35,34,-,-
2025-09-01 16:17:10,2025-09-01 16:17:13,On,2,21,283,13.0812439-80.19842121666667,77,75,100,53.245,2,Moving,6472,6,9,34,35,34,-,-
2025-09-01 16:18:09,2025-09-01 16:18:13,On,2,0,284,13.083235683333331-80.19842121666667,77,1,100,53.239,2,Idle,6463,2,1,34,35,34,-,-
2025-09-01 16:19:09,2025-09-01 16:19:13,On,2,0,284,13.084313966666665-80.19833985,77,1,100,53.248,2,Idle,6455,1,1,34,35,34,-,-
2025-09-01 16:20:09,2025-09-01 16:20:14,On,2,0,284,13.085074866666666-80.19833985,77,1,100,53.248,2,Idle,6448,1,1,34,35,34,-,-
2025-09-01 16:21:09,2025-09-01 16:21:13,On,2,12,284,13.085300700000001-80.19979655,77,2,100,53.23,2,Moving,6439,5,1,34,35,34,-,-
2025-09-01 16:22:08,2025-09-01 16:22:14,On,2,1,284,13.085302733333332-80.20015461666667,77,2,100,53.248,2,Moving,6435,1,1,34,35,34,-,-
2025-09-01 16:23:08,2025-09-01 16:23:13,On,2,0,284,13.085292566666665-80.20016276666666,77,1,100,53.264,2,Idle,6433,1,1,34,35,34,-,-
2025-09-01 16:24:08,2025-09-01 16:24:12,On,2,0,284,13.085233566666666-80.20025228333334,77,0,100,53.275,2,Idle,6430,3,1,34,35,34,-,-
2025-09-01 16:25:08,2025-09-01 16:25:12,On,2,19,284,13.083321133333333-80.20031738333334,77,28,100,53.219,2,Moving,6418,2,1,34,35,34,-,-
2025-09-01 16:26:08,2025-09-01 16:26:11,On,3,25,285,13.081742350000003-80.1985677,77,49,100,52.906,2,Moving,6398,11,1,34,35,34,-,-
2025-09-01 16:27:07,2025-09-01 16:27:11,On,3,7,285,13.078458666666666-80.1989502,76,1,100,53.155,2,Moving,6383,1,9,34,35,34,-,-
2025-09-01 16:28:06,2025-09-01 16:28:10,Off,2,0,285,13.078562416666667-80.19913736666668,76,0,100,53.2,2,Stop,6377,1,1,34,35,34,-,-
2025-09-01 17:03:06,2025-09-01 17:03:10,On,2,0,285,13.078566483333335-80.19916991666668,76,0,100,53.309,2,Idle,6374,5,1,34,35,35,-,-
2025-09-01 17:04:04,2025-09-01 17:04:08,Off,0,0,285,13.078617350000002-80.19921875,76,0,100,53.314,2,Stop,6373,1,11,34,35,35,-,-
2025-09-01 17:06:16,2025-09-01 17:06:20,Off,0,0,285,13.078590899999998-80.1991862,76,0,100,53.323,2,Stop,6373,5,1,34,35,35,-,-
2025-09-01 17:24:02,2025-09-01 17:24:07,On,2,1,285,13.078678383333333-80.19922688333332,76,2,100,53.306,2,Moving,6371,2,1,34,35,35,-,-
2025-09-01 17:25:01,2025-09-01 17:25:04,Off,0,0,285,13.07854615-80.1991211,76,0,100,53.32,2,Stop,6370,3,1,34,35,35,-,-
2025-09-01 17:26:45,2025-09-01 17:26:49,Off,5,0,285,13.078782149999999-80.1991455,76,10,100,53.426,2,Charging,6378,1,11,34,35,35,-,-
2025-09-01 17:27:44,2025-09-01 17:27:47,Off,5,0,285,13.078656-80.19920246666668,76,10,100,53.465,2,Charging,6387,3,11,34,35,35,-,-
2025-09-01 17:28:44,2025-09-01 17:28:49,Off,5,0,285,13.078625483333333-80.19922688333332,76,10,100,53.49,2,Charging,6396,1,11,34,35,35,-,-
2025-09-01 17:29:44,2025-09-01 17:29:48,Off,5,0,285,13.07855225-80.19915365,77,10,100,53.514,2,Charging,6405,3,11,34,35,35,-,-
2025-09-01 17:30:44,2025-09-01 17:30:48,Off,5,0,285,13.078529866666667-80.19916991666668,77,16,100,53.574,2,Charging,6415,1,11,34,35,35,-,-
2025-09-01 17:31:44,2025-09-01 17:31:48,Off,5,0,285,13.078544099999998-80.19921061666668,77,33,100,53.778,2,Charging,6439,5,11,34,35,35,-,-
2025-09-01 17:32:43,2025-09-01 17:32:48,Off,5,0,285,13.078548183333332-80.19924316666668,77,37,100,53.889,2,Charging,6472,1,11,34,35,35,-,-
2025-09-01 17:33:43,2025-09-01 17:33:47,Off,5,0,285,13.07853393333333-80.19924316666668,78,37,100,53.925,2,Charging,6506,5,11,34,35,35,-,-
2025-09-01 17:34:43,2025-09-01 17:34:47,Off,5,0,285,13.07855835-80.19934896666668,78,37,100,53.943,2,Charging,6540,5,11,34,35,35,-,-
2025-09-01 17:35:43,2025-09-01 17:35:47,Off,5,0,285,13.078479-80.199292,78,37,100,53.951,2,Charging,6573,1,11,34,35,35,-,-
2025-09-01 17:36:43,2025-09-01 17:36:46,Off,5,0,285,13.078513583333331-80.19926758333332,78,37,100,53.95,2,Charging,6606,1,11,34,35,35,-,-
2025-09-01 17:37:42,2025-09-01 17:37:47,Off,5,0,285,13.078479-80.19922688333332,79,37,100,53.945,2,Charging,6640,1,11,34,35,35,-,-
2025-09-01 17:38:42,2025-09-01 17:38:46,Off,5,0,285,13.078501383333332-80.1992513,79,37,100,53.938,2,Charging,6673,1,11,34,35,35,-,-
2025-09-01 17:39:42,2025-09-01 17:39:46,Off,5,0,285,13.078568516666667-80.19926758333332,79,37,100,53.937,2,Charging,6706,1,11,34,35,35,-,-
2025-09-01 17:40:42,2025-09-01 17:40:47,Off,5,0,285,13.078544099999998-80.199292,80,37,100,53.934,2,Charging,6739,1,11,34,35,35,-,-
2025-09-01 17:41:41,2025-09-01 17:41:45,Off,5,0,285,13.078527833333332-80.19927571666668,80,36,100,53.932,2,Charging,6773,1,11,34,35,35,-,-
2025-09-01 17:42:41,2025-09-01 17:42:45,Off,5,0,285,13.078544099999998-80.19930013333332,80,37,100,53.928,2,Charging,6806,1,11,34,35,35,-,-
2025-09-01 17:43:41,2025-09-01 17:43:46,Off,5,0,285,13.078554283333336-80.199292,81,36,100,53.929,2,Charging,6839,1,11,34,35,35,-,-
2025-09-01 17:44:41,2025-09-01 17:44:45,Off,5,0,285,13.078562416666667-80.19930826666668,81,36,100,53.927,2,Charging,6872,1,11,34,35,35,-,-
2025-09-01 17:45:41,2025-09-01 17:45:44,Off,5,0,285,13.078611249999998-80.19928385,81,36,100,53.927,2,Charging,6905,1,11,34,35,35,-,-
2025-09-01 17:46:40,2025-09-01 17:46:45,Off,5,0,285,13.078584799999998-80.19925943333332,82,36,100,53.928,2,Charging,6938,1,11,34,35,35,-,-
2025-09-01 17:47:40,2025-09-01 17:47:44,Off,5,0,285,13.078588866666667-80.19921061666668,82,36,100,53.931,2,Charging,6971,1,11,34,35,35,-,-
2025-09-01 17:48:40,2025-09-01 17:48:45,Off,5,0,285,13.078592933333335-80.19922688333332,82,36,100,53.934,2,Charging,7004,1,11,34,35,35,-,-
2025-09-01 17:49:40,2025-09-01 17:49:43,Off,5,0,285,13.078574633333336-80.19921061666668,82,36,100,53.935,2,Charging,7036,1,11,34,35,35,-,-
2025-09-01 17:50:39,2025-09-01 17:50:44,Off,5,0,285,13.078588866666667-80.19919433333332,83,36,100,53.939,2,Charging,7069,1,11,34,35,35,-,-
2025-09-01 17:51:39,2025-09-01 17:51:44,Off,5,0,285,13.078560383333334-80.19915365,83,36,100,53.939,2,Charging,7102,1,11,34,35,35,-,-
2025-09-01 17:52:39,2025-09-01 17:52:43,Off,5,0,285,13.0785258-80.19916178333332,83,36,100,53.943,2,Charging,7135,1,11,35,35,35,-,-
2025-09-01 17:53:39,2025-09-01 17:53:43,Off,5,0,285,13.078489183333334-80.19919433333332,84,36,100,53.946,2,Charging,7168,1,11,35,35,35,-,-
2025-09-01 17:54:39,2025-09-01 17:54:42,Off,5,0,285,13.078497316666668-80.19925943333332,84,36,100,53.949,2,Charging,7201,1,11,35,35,35,-,-
2025-09-01 17:55:38,2025-09-01 17:55:43,Off,5,0,285,13.0785258-80.19919433333332,84,36,100,53.955,2,Charging,7234,1,11,35,35,35,-,-
2025-09-01 17:56:38,2025-09-01 17:56:42,Off,5,0,285,13.0785319-80.19919433333332,85,36,100,53.957,2,Charging,7267,6,11,35,35,35,-,-
2025-09-01 17:57:38,2025-09-01 17:57:43,Off,5,0,285,13.07854615-80.19917806666668,85,36,100,53.959,2,Charging,7300,1,11,35,35,35,-,-
2025-09-01 17:58:38,2025-09-01 17:58:42,Off,5,0,285,13.078572583333335-80.1992513,85,36,100,53.964,2,Charging,7332,1,11,35,35,35,-,-
2025-09-01 17:59:37,2025-09-01 17:59:41,Off,5,0,285,13.078562416666667-80.19913736666668,86,36,100,53.97,2,Charging,7365,1,10,35,35,35,-,-
2025-09-01 18:00:37,2025-09-01 18:00:42,Off,5,0,285,13.0785258-80.19916991666668,86,36,100,53.973,2,Charging,7398,1,11,35,35,35,-,-
2025-09-01 18:01:37,2025-09-01 18:01:43,Off,5,0,285,13.078523766666668-80.19915365,86,36,100,53.975,2,Charging,7431,1,11,35,36,35,-,-
2025-09-01 18:02:37,2025-09-01 18:02:41,Off,5,0,285,13.078544099999998-80.19916991666668,86,36,100,53.977,2,Charging,7463,1,11,35,36,35,-,-
2025-09-01 18:03:37,2025-09-01 18:03:42,Off,5,0,285,13.078509516666667-80.19917806666668,87,36,100,53.985,2,Charging,7496,1,10,35,36,35,-,-
2025-09-01 18:04:36,2025-09-01 18:04:41,Off,5,0,285,13.07850545-80.19917806666668,87,36,100,53.987,2,Charging,7529,1,11,35,36,35,-,-
2025-09-01 18:05:36,2025-09-01 18:05:40,Off,5,0,285,13.07848715-80.19920246666668,87,36,100,53.991,2,Charging,7562,1,11,35,36,35,-,-
2025-09-01 18:06:36,2025-09-01 18:06:41,Off,5,0,285,13.078509516666667-80.19922688333332,88,36,100,53.995,2,Charging,7595,1,11,35,36,35,-,-
2025-09-01 18:07:36,2025-09-01 18:07:41,Off,5,0,285,13.078513583333331-80.19923503333332,88,36,100,54.002,2,Charging,7627,1,11,35,36,35,-,-
2025-09-01 18:08:35,2025-09-01 18:08:40,Off,5,0,285,13.07853393333333-80.19924316666668,88,36,100,54.006,2,Charging,7660,1,11,35,36,35,-,-
2025-09-01 18:09:35,2025-09-01 18:09:39,Off,5,0,285,13.078535966666667-80.19923503333332,89,36,100,54.009,2,Charging,7693,1,11,35,36,35,-,-
2025-09-01 18:10:35,2025-09-01 18:10:40,Off,5,0,285,13.078544099999998-80.199292,89,36,100,54.018,2,Charging,7726,1,11,35,36,35,-,-
2025-09-01 18:11:35,2025-09-01 18:11:39,Off,5,0,285,13.078513583333331-80.19926758333332,89,36,100,54.021,2,Charging,7758,6,11,35,36,35,-,-
2025-09-01 18:12:35,2025-09-01 18:12:40,Off,5,0,285,13.078489183333334-80.19925943333332,90,36,100,54.023,2,Charging,7791,1,11,35,36,35,-,-
2025-09-01 18:13:34,2025-09-01 18:13:39,Off,5,0,285,13.078507483333333-80.19925943333332,90,36,100,54.03,2,Charging,7824,1,11,35,36,35,-,-
2025-09-01 18:14:34,2025-09-01 18:14:38,Off,5,0,285,13.078509516666667-80.19925943333332,90,36,100,54.036,2,Charging,7857,6,11,35,36,35,-,-
2025-09-01 18:15:34,2025-09-01 18:15:40,Off,5,0,285,13.078507483333333-80.19926758333332,90,36,100,54.042,2,Charging,7889,1,11,35,36,35,-,-
2025-09-01 18:16:34,2025-09-01 18:16:38,Off,5,0,285,13.07851155-80.19925943333332,91,36,100,54.049,2,Charging,7922,1,11,35,36,35,-,-
2025-09-01 18:17:34,2025-09-01 18:17:37,Off,5,0,285,13.0784607-80.19921061666668,91,36,100,54.052,2,Charging,7955,6,11,35,36,35,-,-
2025-09-01 18:18:33,2025-09-01 18:18:37,Off,5,0,285,13.078481033333333-80.19921875,91,36,100,54.059,2,Charging,7988,1,11,35,36,36,-,-
2025-09-01 18:19:33,2025-09-01 18:19:37,Off,5,0,285,13.078479-80.19923503333332,92,36,100,54.067,2,Charging,8020,6,11,35,36,36,-,-
2025-09-01 18:20:33,2025-09-01 18:20:38,Off,5,0,285,13.078476966666665-80.19924316666668,92,36,100,54.073,2,Charging,8053,1,11,35,36,36,-,-
2025-09-01 18:21:33,2025-09-01 18:21:37,Off,5,0,285,13.078507483333333-80.1992513,92,36,100,54.081,2,Charging,8086,1,11,35,36,36,-,-
2025-09-01 18:22:32,2025-09-01 18:22:39,Off,5,0,285,13.078495283333332-80.19930826666668,93,36,100,54.087,2,Charging,8119,9,11,35,36,36,-,-
2025-09-01 18:23:32,2025-09-01 18:23:35,Off,5,0,285,13.07853393333333-80.1992513,93,36,100,54.099,2,Charging,8151,1,11,35,36,36,-,-
2025-09-01 18:24:32,2025-09-01 18:24:37,Off,5,0,285,13.078513583333331-80.1992513,93,36,100,54.107,2,Charging,8184,1,11,35,36,36,-,-
2025-09-01 18:25:32,2025-09-01 18:25:37,Off,5,0,285,13.078599033333335-80.19932455,94,36,100,54.118,2,Charging,8217,6,11,35,36,36,-,-
2025-09-01 18:26:32,2025-09-01 18:26:38,Off,5,0,285,13.078544099999998-80.199292,94,36,100,54.132,2,Charging,8250,6,11,35,36,36,-,-
2025-09-01 18:27:30,2025-09-01 18:27:34,Off,0,0,285,13.07849935-80.1992513,94,0,100,53.786,2,Stop,8264,3,1,35,36,36,-,-
2025-09-01 18:28:58,2025-09-01 18:29:02,Off,0,0,285,13.078607183333334-80.19930013333332,94,9,100,53.75,2,Charging,8277,1,7,35,36,36,-,-
2025-09-01 18:29:57,2025-09-01 18:30:00,Off,0,0,285,13.078462733333334-80.19925943333332,94,9,100,53.729,2,Charging,8285,9,10,35,36,36,-,-
2025-09-01 18:30:57,2025-09-01 18:31:02,Off,0,0,285,13.078438316666666-80.19922688333332,94,9,100,53.714,2,Charging,8294,1,10,35,36,36,-,-
2025-09-01 18:31:57,2025-09-01 18:32:01,Off,0,0,285,13.078440350000001-80.19924316666668,94,10,100,53.701,2,Charging,8303,1,10,35,36,36,-,-
2025-09-01 18:32:57,2025-09-01 18:33:00,Off,0,0,285,13.078428133333334-80.19925943333332,94,21,100,53.79,2,Charging,8315,1,10,35,36,36,-,-
2025-09-01 18:33:57,2025-09-01 18:34:01,Off,0,0,285,13.078507483333333-80.19928385,95,36,100,54.009,2,Charging,8342,6,11,35,36,36,-,-
2025-09-01 18:34:56,2025-09-01 18:36:47,Off,0,0,285,13.078550216666667-80.1993164,95,36,100,54.128,2,Charging,8375,1,11,35,36,36,-,-
2025-09-01 18:35:56,2025-09-01 18:37:22,Off,0,0,285,13.078542066666667-80.199292,95,36,100,54.196,2,Charging,8408,6,11,35,36,36,-,-
2025-09-01 18:36:56,2025-09-01 18:38:07,Off,0,0,285,13.078556316666667-80.19933268333332,96,36,100,54.239,2,Charging,8442,1,11,35,36,36,-,-
2025-09-01 18:37:56,2025-09-01 18:38:47,Off,0,0,285,13.078560383333334-80.19930013333332,96,36,100,54.278,2,Charging,8475,6,11,35,36,36,-,-
2025-09-01 18:38:56,2025-09-01 18:39:32,Off,0,0,285,13.078495283333332-80.1993164,96,36,100,54.314,2,Charging,8508,6,11,35,36,36,-,-
2025-09-01 18:39:56,2025-09-01 18:40:12,Off,0,0,285,13.0785258-80.19934081666666,97,36,100,54.357,2,Charging,8541,6,11,35,36,36,-,-
2025-09-01 18:40:55,2025-09-01 18:40:59,Off,0,0,285,13.078513583333331-80.19932455,97,0,100,54.033,2,Stop,8561,9,5,35,36,36,-,-
2025-09-01 18:49:51,2025-09-01 18:49:55,On,2,2,285,13.078513583333331-80.19927571666668,97,1,100,53.511,2,Moving,8559,1,5,35,36,36,-,-
2025-09-01 18:50:50,2025-09-01 18:50:54,On,0,0,285,13.078489183333334-80.19923503333332,97,0,100,53.502,2,Idle,8558,1,7,35,36,36,-,-
2025-09-01 18:51:50,2025-09-01 18:51:57,On,0,0,285,13.0784851-80.19921875,97,0,100,53.49,2,Idle,8558,1,7,35,36,36,-,-
2025-09-01 18:52:50,2025-09-01 18:52:53,On,0,0,285,13.078470866666665-80.19921875,97,0,100,53.481,2,Idle,8558,1,5,35,36,36,-,-
2025-09-01 18:53:50,2025-09-01 18:53:54,On,0,0,285,13.078466800000001-80.19921875,97,0,100,53.469,2,Idle,8557,1,7,35,36,36,-,-
2025-09-01 18:54:50,2025-09-01 18:54:54,On,0,0,285,13.078479-80.19922688333332,97,0,100,53.463,2,Idle,8557,1,5,35,36,36,-,-
2025-09-01 18:55:50,2025-09-01 18:55:54,Off,0,0,285,13.078491216666665-80.19922688333332,97,0,100,53.451,2,Stop,8557,1,7,35,36,36,-,-
2025-09-01 18:59:21,2025-09-01 18:59:26,On,2,26,285,13.077494300000001-80.19904785,97,27,100,53.201,2,Moving,8545,11,1,35,36,36,-,-
2025-09-01 19:00:19,2025-09-01 19:00:23,On,2,32,286,13.076055899999998-80.19978026666666,96,2,100,52.747,2,Moving,8508,11,6,35,36,36,-,-
2025-09-01 19:01:20,2025-09-01 19:01:24,On,2,10,286,13.07520955-80.19602865,96,3,100,53.01,2,Moving,8490,2,4,35,36,36,-,-
2025-09-01 19:02:20,2025-09-01 19:02:24,On,2,7,286,13.074912516666666-80.19529621666668,96,3,100,53.109,2,Moving,8482,11,5,35,36,36,-,-
2025-09-01 19:03:20,2025-09-01 19:03:25,On,2,7,286,13.073986816666665-80.19329426666667,96,3,100,53.125,2,Moving,8462,16,6,35,36,36,-,-
2025-09-01 19:04:20,2025-09-01 19:04:24,On,2,4,286,13.074031583333332-80.19257813333334,96,8,100,53.04,2,Moving,8453,11,7,35,36,36,-,-
2025-09-01 19:05:20,2025-09-01 19:05:24,On,2,4,286,13.074060066666668-80.1920166,96,3,100,53.146,2,Moving,8446,1,3,35,36,36,-,-
2025-09-01 19:06:19,2025-09-01 19:06:24,On,2,0,286,13.074045816666667-80.19131673333332,96,3,100,53.163,2,Idle,8438,1,3,35,36,36,-,-
2025-09-01 19:07:19,2025-09-01 19:07:24,On,2,20,287,13.074739583333333-80.19043783333333,95,65,100,53.12,2,Moving,8428,1,5,35,36,36,-,-
2025-09-01 19:08:19,2025-09-01 19:08:26,On,2,27,287,13.075124100000002-80.18898925,95,3,100,52.692,2,Moving,8394,11,4,35,36,36,-,-
2025-09-01 19:09:19,2025-09-01 19:09:23,On,2,10,287,13.075986733333332-80.18834635,95,3,100,53.045,2,Moving,8383,4,2,35,36,36,-,-
2025-09-01 19:10:19,2025-09-01 19:10:24,On,2,13,287,13.077516683333332-80.18798015,95,7,100,53.053,2,Moving,8365,11,3,35,36,36,-,-
2025-09-01 19:11:18,2025-09-01 19:11:23,On,2,4,287,13.078542066666667-80.18734538333334,95,3,100,52.958,2,Moving,8355,11,1,35,36,36,-,-
2025-09-01 19:12:18,2025-09-01 19:12:25,On,2,20,288,13.081239833333333-80.18800455,95,3,100,53.044,2,Moving,8331,16,6,35,36,36,-,-
2025-09-01 19:13:18,2025-09-01 19:13:23,On,2,7,288,13.081144200000002-80.18532714999999,94,3,100,53.045,2,Moving,8308,1,6,35,36,36,-,-
2025-09-01 19:14:18,2025-09-01 19:14:22,On,2,11,288,13.0811198-80.18401693333334,94,2,100,52.964,2,Moving,8290,11,9,35,36,36,-,-
2025-09-01 19:15:18,2025-09-01 19:15:21,On,2,13,289,13.083862299999998-80.1836914,94,3,100,53.032,2,Moving,8266,1,3,35,36,36,-,-
2025-09-01 19:16:17,2025-09-01 19:16:22,On,2,18,289,13.084800216666668-80.18295898333334,94,86,100,53.04,2,Moving,8251,1,9,35,36,36,-,-
2025-09-01 19:17:17,2025-09-01 19:17:22,On,2,14,289,13.086075850000002-80.18215331666667,94,30,100,53.029,2,Moving,8230,1,6,35,36,36,-,-
2025-09-01 19:18:17,2025-09-01 19:18:21,On,2,14,289,13.086708583333332-80.18353678333332,93,46,100,53.041,2,Moving,8208,1,13,35,36,36,-,-
2025-09-01 19:19:17,2025-09-01 19:19:22,On,2,11,289,13.086275233333334-80.18359375,93,50,100,53.059,2,Moving,8200,11,3,35,36,36,-,-
2025-09-01 19:20:17,2025-09-01 19:20:21,On,2,24,290,13.088122566666668-80.18252766666666,93,79,100,52.639,2,Moving,8164,11,1,35,36,36,-,-
2025-09-01 19:21:15,2025-09-01 19:21:18,Off,0,0,290,13.088151033333334-80.184375,93,0,100,53.101,2,Stop,8153,5,1,35,36,36,-,-
2025-09-01 19:25:23,2025-09-01 19:25:28,On,2,1,290,13.08805135-80.18530273333334,93,36,100,53.137,2,Moving,8140,1,13,35,36,36,-,-
2025-09-01 19:26:22,2025-09-01 19:26:26,On,2,1,290,13.087807216666667-80.18764648333334,93,2,100,53.105,2,Moving,8124,1,13,35,36,36,-,-
2025-09-01 19:27:23,2025-09-01 19:27:27,On,2,1,290,13.087963866666666-80.18809408333333,92,4,100,53.127,2,Moving,8118,1,6,35,36,36,-,-
2025-09-01 19:28:23,2025-09-01 19:28:26,On,2,11,290,13.087762449999998-80.18932291666667,92,3,100,53.068,2,Moving,8104,1,3,35,36,36,-,-
2025-09-01 19:29:22,2025-09-01 19:29:26,On,2,5,290,13.087672933333332-80.1902181,92,2,100,53.086,2,Moving,8092,5,1,35,36,36,-,-
2025-09-01 19:30:22,2025-09-01 19:30:27,On,2,0,290,13.087681066666669-80.19035645000001,92,2,100,53.151,2,Idle,8087,5,1,35,36,36,-,-
2025-09-01 19:31:22,2025-09-01 19:31:26,On,2,0,290,13.087707516666667-80.19036458333333,92,2,100,53.167,2,Idle,8085,5,1,35,36,36,-,-
2025-09-01 19:32:22,2025-09-01 19:32:37,On,2,15,291,13.087583416666666-80.19146321666668,92,14,100,53.12,2,Moving,8073,1,1,35,36,36,-,-
2025-09-01 19:33:22,2025-09-01 19:33:29,On,2,31,291,13.087306716666667-80.19442545,92,79,100,52.873,2,Moving,8047,11,1,35,36,36,-,-
2025-09-01 19:34:21,2025-09-01 19:34:25,On,2,5,291,13.087243650000001-80.19536946666668,92,3,100,52.791,2,Moving,8031,7,6,35,36,36,-,-
2025-09-01 19:35:21,2025-09-01 19:35:25,On,2,2,291,13.0872762-80.19729818333333,91,2,100,53.067,2,Moving,8012,1,3,35,36,36,-,-
2025-09-01 19:36:21,2025-09-01 19:36:25,On,2,0,291,13.087268066666665-80.19730631666667,91,3,100,53.066,2,Idle,8008,3,1,35,36,36,-,-
2025-09-01 19:37:21,2025-09-01 19:37:25,On,2,3,291,13.087198899999999-80.19844563333332,91,3,100,53.084,2,Moving,7995,5,13,35,36,36,-,-
2025-09-01 19:38:20,2025-09-01 19:38:25,On,2,9,292,13.087030033333333-80.20014648333334,91,4,100,53.054,2,Moving,7978,2,1,35,36,36,-,-
2025-09-01 19:39:20,2025-09-01 19:39:24,On,2,14,292,13.085866300000001-80.20039876666667,91,3,100,53.04,2,Moving,7960,1,1,35,36,36,-,-
2025-09-01 19:40:20,2025-09-01 19:40:24,On,2,26,292,13.083697516666666-80.20028483333334,91,79,100,52.769,2,Moving,7937,7,6,35,36,36,-,-
2025-09-01 19:41:20,2025-09-01 19:41:24,On,2,27,292,13.081964116666665-80.19864095,90,34,100,52.591,2,Moving,7898,11,1,35,36,36,-,-
2025-09-01 19:42:20,2025-09-01 19:42:24,On,2,6,293,13.078420000000001-80.19899901666666,90,4,100,52.932,2,Moving,7866,1,6,35,36,36,-,-
2025-09-01 19:43:19,2025-09-01 19:43:23,On,2,2,293,13.078548183333332-80.19928385,90,3,100,53.036,2,Moving,7857,2,1,35,37,36,-,-
2025-09-01 19:44:18,2025-09-01 19:44:23,Off,0,0,293,13.078434250000003-80.19920246666668,90,0,100,53.12,2,Stop,7855,1,1,35,36,36,-,-
2025-09-01 19:47:37,2025-09-01 19:47:43,Off,0,0,293,13.078609216666667-80.19921875,90,0,100,53.184,2,Stop,7855,1,1,35,37,36,-,-
2025-09-01 20:48:30,2025-09-01 20:48:34,Off,0,0,293,13.07849935-80.19922688333332,90,0,100,53.283,2,Stop,7854,1,10,35,36,36,-,-
2025-09-01 21:50:10,2025-09-01 22:51:05,Off,0,0,293,13.078476966666665-80.19920246666668,90,0,100,53.297,2,Stop,7853,1,13,35,35,35,-,-
2025-09-01 21:50:14,2025-09-01 22:51:08,Off,0,0,293,13.078472900000001-80.19919433333332,90,0,100,53.297,2,Stop,7853,1,13,35,35,35,-,-
2025-09-01 22:50:57,2025-09-01 22:51:03,Off,0,0,293,13.078424066666665-80.19898275,90,0,100,53.304,2,Stop,7853,1,6,34,35,35,-,-
2025-09-01 23:51:56,2025-09-01 23:51:59,Off,0,0,293,13.078568516666667-80.19916991666668,90,0,100,53.309,2,Stop,7852,1,2,34,34,34,-,-
